year,month,COUNTRY,est,se
2019,03,Algeria,0,0.5537095332702514
2019,03,Argentina,0,0
2019,03,Austria,0,0
2019,03,Brazil,0,0
2019,03,Chile,0,9.34543554729439e-4
2019,03,China,0,0
2019,03,Colombia,0,0
2019,03,Costa Rica,0,0.5537095332702514
2019,03,Czechia,0,0
2019,03,Ecuador,0,0
2019,03,Ethiopia,0,0.0045263496763396915
2019,03,France,0,0
2019,03,Germany,0,0
2019,03,Greece,0,0.5472945088179934
2019,03,Guatemala,0,0.04204966506161778
2019,03,Honduras,0,0.16230320234153184
2019,03,Hungary,0,2.948740140951145e-10
2019,03,India,0,0
2019,03,Ireland,0,1.5443202272535927e-13
2019,03,Italy,0,0
2019,03,Mexico,0,0
2019,03,Netherlands,0,0
2019,03,Nicaragua,0,0.5537095332702514
2019,03,Norway,0,0
2019,03,Oman,0,0
2019,03,Pakistan,0,0
2019,03,Paraguay,0,0
2019,03,Peru,0,0.013725609064862754
2019,03,Poland,0,0
2019,03,Portugal,0,0
2019,03,Russia,0,0
2019,03,São Tomé and Príncipe,0,0.5494086986674294
2019,03,Serbia,0,0
2019,03,Somalia,0,0.28071298322403515
2019,03,South Africa,0,3.635104145804924e-5
2019,03,Spain,0,0
2019,03,Sweden,0,0
2019,03,Switzerland,0,0
2019,03,Thailand,0,0
2019,03,Uganda,0,0.30478506161207464
2019,03,Ukraine,0,0
2019,03,United Arab Emirates,0,2.135985683254793e-4
2019,03,United Kingdom,0,0
2019,03,United States,0,0
2019,03,Uruguay,0,0.5537095332702514
