year,month,COUNTRY,est,se
2016,04,Algeria,0,0
2016,04,Argentina,0,0
2016,04,Australia,0,3.893936198117176e-4
2016,04,Austria,0,0
2016,04,Belgium,0,0
2016,04,Bolivia,0,0
2016,04,Brazil,0,0
2016,04,Cameroon,0,0.0021897253468797784
2016,04,Chile,0,0
2016,04,China,0,0
2016,04,Colombia,0,0
2016,04,Costa Rica,0,2.902633300383428e-8
2016,04,Croatia,0,0
2016,04,Dominican Republic,0,0
2016,04,Ecuador,0,0
2016,04,France,0,0
2016,04,Germany,0,0
2016,04,Guatemala,0,6.940444612003605e-4
2016,04,Honduras,0,0.0026127600384938665
2016,04,India,0,2.484878969255533e-11
2016,04,Indonesia,0,0.04873127124423471
2016,04,Ireland,0,0.027874834225702028
2016,04,Italy,0,0
2016,04,Luxembourg,0,2.649251928943386e-10
2016,04,Madagascar,0,0.30659014416112307
2016,04,Mexico,0,0
2016,04,Mozambique,0,0
2016,04,Nepal,0,0.5537095332702514
2016,04,Netherlands,0,0
2016,04,Nicaragua,0,0.02880079262672286
2016,04,Panama,0,5.86578379202507e-8
2016,04,Paraguay,0,0
2016,04,Peru,0,0
2016,04,Portugal,0,0
2016,04,Saudi Arabia,0,0.16829532306280603
2016,04,Spain,0,0
2016,04,Sweden,0,0
2016,04,Switzerland,0,0
2016,04,Thailand,0,1.1102230246251565e-16
2016,04,Tunisia,0,0.2986275120399451
2016,04,United Kingdom,0,0
2016,04,United States,0,0
2016,04,Uruguay,0,0
2016,04,Venezuela,0,5.874725150789573e-10
2016,04,Vietnam,0,1.1435297153639112e-14
2016,04,Yemen,0,0.30535808457858105
