year,month,COUNTRY,est,se,iso3
2016,7,Algeria,0,1.84426004801175E-07,DZA
2016,7,Argentina,0,0,ARG
2016,7,Australia,0,1.3419839683948E-09,AUS
2016,7,Austria,0,0.000111140481621197,AUT
2016,7,Belarus,0,0,BLR
2016,7,Belgium,0,0,BEL
2016,7,Bolivia,0,2.50303214455183E-06,BOL
2016,7,Brazil,0,0,BRA
2016,7,Bulgaria,0,0.0160452836693127,BGR
2016,7,Cambodia,0,0.0284243604182737,KHM
2016,7,Canada,0,0.00954469939409752,CAN
2016,7,Chile,0,4.7955372279862E-06,CHL
2016,7,China,0,0,CHN
2016,7,Colombia,0,0,COL
2016,7,Costa Rica,0,2.9036925605963E-05,CRI
2016,7,Croatia,0,0,HRV
2016,7,Cuba,0,0,CUB
2016,7,Czechia,0,0.306513716401988,CZE
2016,7,Denmark,0,3.06615803080668E-07,DNK
2016,7,Dominican Republic,0,0,DOM
2016,7,Ecuador,0,0.027712969613592,ECU
2016,7,France,0,0,FRA
2016,7,Germany,0,0,DEU
2016,7,Greece,0,0,GRC
2016,7,Guatemala,0,0.00130777497696055,GTM
2016,7,Haiti,0,1.55431223447522E-15,HTI
2016,7,Honduras,0,0.0014242501963736,HND
2016,7,Hungary,0,0,HUN
2016,7,India,0,0,IND
2016,7,Indonesia,0,0,IDN
2016,7,Ireland,0,0.291725047035512,IRL
2016,7,Italy,0,0,ITA
2016,7,Japan,0,0.00440895344827108,JPN
2016,7,Lebanon,0,0.000440377548955428,LBN
2016,7,Lithuania,0,3.79077147560913E-07,LTU
2016,7,Luxembourg,0,0,LUX
2016,7,Malaysia,0,0.00251868137655342,MYS
2016,7,Mexico,0,0,MEX
2016,7,Morocco,0,0.169764157539481,MAR
2016,7,Mozambique,0,1.11022302462516E-15,MOZ
2016,7,Nepal,0,0.00261065885158185,NPL
2016,7,Netherlands,0,0,NLD
2016,7,Nigeria,0,0.0895572478887867,NGA
2016,7,Pakistan,0,0.0881925833695019,PAK
2016,7,Panama,0,0.00670788681715562,PAN
2016,7,Paraguay,0,0,PRY
2016,7,Peru,0,0,PER
2016,7,Philippines,0,0.0494286793256132,PHL
2016,7,Poland,0,2.34809243974121E-05,POL
2016,7,Portugal,0,0,PRT
2016,7,Romania,0,0.00852982181865347,ROU
2016,7,Russia,0,0.0935706295609585,RUS
2016,7,Rwanda,0,0.036178280530837,RWA
2016,7,Slovakia,0,4.5096815171064E-11,SVK
2016,7,Slovenia,0,0,SVN
2016,7,Somalia,0,0.169534331717931,SOM
2016,7,South Africa,0,0,ZAF
2016,7,South Korea,0,0.0916681522668588,KOR
2016,7,Spain,0,0,ESP
2016,7,Sri Lanka,0,0.30659424723436,LKA
2016,7,Sweden,0,0,SWE
2016,7,Switzerland,0,6.27059535251995E-06,CHE
2016,7,Thailand,0,0.0139578619460407,THA
2016,7,Turkey,0,0.000106478884385974,TUR
2016,7,Uganda,0,1.13991038830363E-11,UGA
2016,7,United Arab Emirates,0,0.0496573620373312,ARE
2016,7,United Kingdom,0,0,GBR
2016,7,United States,0,0,USA
2016,7,Uzbekistan,0,0.00013159437660426,UZB
2016,7,Venezuela,0,0.0882501677221849,VEN
2016,7,Vietnam,0,1.01113813988363E-07,VNM
